date,,date,state,fips,cases,deaths
2020-01-22,1,2020-01-22,Washington,53,1,0
2020-01-23,2,2020-01-23,Washington,53,1,0
2020-01-24,3,2020-01-24,Illinois,17,1,0
2020-01-24,4,2020-01-24,Washington,53,1,0
2020-01-25,5,2020-01-25,California,6,1,0
2020-01-25,6,2020-01-25,Illinois,17,1,0
2020-01-25,7,2020-01-25,Washington,53,1,0
2020-01-26,9,2020-01-26,California,6,2,0
2020-01-26,8,2020-01-26,Arizona,4,1,0
2020-01-26,10,2020-01-26,Illinois,17,1,0
2020-01-26,11,2020-01-26,Washington,53,1,0
2020-01-27,13,2020-01-27,California,6,2,0
2020-01-27,12,2020-01-27,Arizona,4,1,0
2020-01-27,14,2020-01-27,Illinois,17,1,0
2020-01-27,15,2020-01-27,Washington,53,1,0
2020-01-28,17,2020-01-28,California,6,2,0
2020-01-28,16,2020-01-28,Arizona,4,1,0
2020-01-28,18,2020-01-28,Illinois,17,1,0
2020-01-28,19,2020-01-28,Washington,53,1,0
2020-01-29,21,2020-01-29,California,6,2,0
2020-01-29,20,2020-01-29,Arizona,4,1,0
2020-01-29,22,2020-01-29,Illinois,17,1,0
2020-01-29,23,2020-01-29,Washington,53,1,0
2020-01-30,25,2020-01-30,California,6,2,0
2020-01-30,26,2020-01-30,Illinois,17,2,0
2020-01-30,24,2020-01-30,Arizona,4,1,0
2020-01-30,27,2020-01-30,Washington,53,1,0
2020-01-31,29,2020-01-31,California,6,3,0
2020-01-31,30,2020-01-31,Illinois,17,2,0
2020-01-31,28,2020-01-31,Arizona,4,1,0
2020-01-31,31,2020-01-31,Washington,53,1,0
2020-02-01,33,2020-02-01,California,6,3,0
2020-02-01,34,2020-02-01,Illinois,17,2,0
2020-02-01,32,2020-02-01,Arizona,4,1,0
2020-02-01,35,2020-02-01,Massachusetts,25,1,0
2020-02-01,36,2020-02-01,Washington,53,1,0
2020-02-02,38,2020-02-02,California,6,6,0
2020-02-02,39,2020-02-02,Illinois,17,2,0
2020-02-02,37,2020-02-02,Arizona,4,1,0
2020-02-02,40,2020-02-02,Massachusetts,25,1,0
2020-02-02,41,2020-02-02,Washington,53,1,0
2020-02-03,43,2020-02-03,California,6,6,0
2020-02-03,44,2020-02-03,Illinois,17,2,0
2020-02-03,42,2020-02-03,Arizona,4,1,0
2020-02-03,45,2020-02-03,Massachusetts,25,1,0
2020-02-03,46,2020-02-03,Washington,53,1,0
2020-02-04,48,2020-02-04,California,6,6,0
2020-02-04,49,2020-02-04,Illinois,17,2,0
2020-02-04,47,2020-02-04,Arizona,4,1,0
2020-02-04,50,2020-02-04,Massachusetts,25,1,0
2020-02-04,51,2020-02-04,Washington,53,1,0
2020-02-05,53,2020-02-05,California,6,6,0
2020-02-05,54,2020-02-05,Illinois,17,2,0
2020-02-05,52,2020-02-05,Arizona,4,1,0
2020-02-05,55,2020-02-05,Massachusetts,25,1,0
2020-02-05,56,2020-02-05,Washington,53,1,0
2020-02-05,57,2020-02-05,Wisconsin,55,1,0
2020-02-06,59,2020-02-06,California,6,6,0
2020-02-06,60,2020-02-06,Illinois,17,2,0
2020-02-06,58,2020-02-06,Arizona,4,1,0
2020-02-06,61,2020-02-06,Massachusetts,25,1,0
2020-02-06,62,2020-02-06,Washington,53,1,0
2020-02-06,63,2020-02-06,Wisconsin,55,1,0
2020-02-07,65,2020-02-07,California,6,6,0
2020-02-07,66,2020-02-07,Illinois,17,2,0
2020-02-07,64,2020-02-07,Arizona,4,1,0
2020-02-07,67,2020-02-07,Massachusetts,25,1,0
2020-02-07,68,2020-02-07,Washington,53,1,0
2020-02-07,69,2020-02-07,Wisconsin,55,1,0
2020-02-08,71,2020-02-08,California,6,6,0
2020-02-08,72,2020-02-08,Illinois,17,2,0
2020-02-08,70,2020-02-08,Arizona,4,1,0
2020-02-08,73,2020-02-08,Massachusetts,25,1,0
2020-02-08,74,2020-02-08,Washington,53,1,0
2020-02-08,75,2020-02-08,Wisconsin,55,1,0
2020-02-09,77,2020-02-09,California,6,6,0
2020-02-09,78,2020-02-09,Illinois,17,2,0
2020-02-09,76,2020-02-09,Arizona,4,1,0
2020-02-09,79,2020-02-09,Massachusetts,25,1,0
2020-02-09,80,2020-02-09,Washington,53,1,0
2020-02-09,81,2020-02-09,Wisconsin,55,1,0
2020-02-10,83,2020-02-10,California,6,7,0
2020-02-10,84,2020-02-10,Illinois,17,2,0
2020-02-10,82,2020-02-10,Arizona,4,1,0
2020-02-10,85,2020-02-10,Massachusetts,25,1,0
2020-02-10,86,2020-02-10,Washington,53,1,0
2020-02-10,87,2020-02-10,Wisconsin,55,1,0
2020-02-11,89,2020-02-11,California,6,7,0
2020-02-11,90,2020-02-11,Illinois,17,2,0
2020-02-11,88,2020-02-11,Arizona,4,1,0
2020-02-11,91,2020-02-11,Massachusetts,25,1,0
2020-02-11,92,2020-02-11,Washington,53,1,0
2020-02-11,93,2020-02-11,Wisconsin,55,1,0
2020-02-12,95,2020-02-12,California,6,7,0
2020-02-12,96,2020-02-12,Illinois,17,2,0
2020-02-12,94,2020-02-12,Arizona,4,1,0
2020-02-12,97,2020-02-12,Massachusetts,25,1,0
2020-02-12,98,2020-02-12,Texas,48,1,0
2020-02-12,99,2020-02-12,Washington,53,1,0
2020-02-12,100,2020-02-12,Wisconsin,55,1,0
2020-02-13,102,2020-02-13,California,6,7,0
2020-02-13,103,2020-02-13,Illinois,17,2,0
2020-02-13,105,2020-02-13,Texas,48,2,0
2020-02-13,101,2020-02-13,Arizona,4,1,0
2020-02-13,104,2020-02-13,Massachusetts,25,1,0
2020-02-13,106,2020-02-13,Washington,53,1,0
2020-02-13,107,2020-02-13,Wisconsin,55,1,0
2020-02-14,109,2020-02-14,California,6,7,0
2020-02-14,110,2020-02-14,Illinois,17,2,0
2020-02-14,112,2020-02-14,Texas,48,2,0
2020-02-14,108,2020-02-14,Arizona,4,1,0
2020-02-14,111,2020-02-14,Massachusetts,25,1,0
2020-02-14,113,2020-02-14,Washington,53,1,0
2020-02-14,114,2020-02-14,Wisconsin,55,1,0
2020-02-15,116,2020-02-15,California,6,7,0
2020-02-15,117,2020-02-15,Illinois,17,2,0
2020-02-15,119,2020-02-15,Texas,48,2,0
2020-02-15,115,2020-02-15,Arizona,4,1,0
2020-02-15,118,2020-02-15,Massachusetts,25,1,0
2020-02-15,120,2020-02-15,Washington,53,1,0
2020-02-15,121,2020-02-15,Wisconsin,55,1,0
2020-02-16,123,2020-02-16,California,6,7,0
2020-02-16,124,2020-02-16,Illinois,17,2,0
2020-02-16,126,2020-02-16,Texas,48,2,0
2020-02-16,122,2020-02-16,Arizona,4,1,0
2020-02-16,125,2020-02-16,Massachusetts,25,1,0
2020-02-16,127,2020-02-16,Washington,53,1,0
2020-02-16,128,2020-02-16,Wisconsin,55,1,0
2020-02-17,133,2020-02-17,Nebraska,31,10,0
2020-02-17,130,2020-02-17,California,6,7,0
2020-02-17,131,2020-02-17,Illinois,17,2,0
2020-02-17,134,2020-02-17,Texas,48,2,0
2020-02-17,129,2020-02-17,Arizona,4,1,0
2020-02-17,132,2020-02-17,Massachusetts,25,1,0
2020-02-17,135,2020-02-17,Washington,53,1,0
2020-02-17,136,2020-02-17,Wisconsin,55,1,0
2020-02-18,141,2020-02-18,Nebraska,31,10,0
2020-02-18,138,2020-02-18,California,6,7,0
2020-02-18,139,2020-02-18,Illinois,17,2,0
2020-02-18,142,2020-02-18,Texas,48,2,0
2020-02-18,137,2020-02-18,Arizona,4,1,0
2020-02-18,140,2020-02-18,Massachusetts,25,1,0
2020-02-18,143,2020-02-18,Washington,53,1,0
2020-02-18,144,2020-02-18,Wisconsin,55,1,0
2020-02-19,149,2020-02-19,Nebraska,31,10,0
2020-02-19,146,2020-02-19,California,6,7,0
2020-02-19,147,2020-02-19,Illinois,17,2,0
2020-02-19,150,2020-02-19,Texas,48,2,0
2020-02-19,145,2020-02-19,Arizona,4,1,0
2020-02-19,148,2020-02-19,Massachusetts,25,1,0
2020-02-19,151,2020-02-19,Washington,53,1,0
2020-02-19,152,2020-02-19,Wisconsin,55,1,0
2020-02-20,157,2020-02-20,Nebraska,31,11,0
2020-02-20,154,2020-02-20,California,6,8,0
2020-02-20,155,2020-02-20,Illinois,17,2,0
2020-02-20,158,2020-02-20,Texas,48,2,0
2020-02-20,153,2020-02-20,Arizona,4,1,0
2020-02-20,156,2020-02-20,Massachusetts,25,1,0
2020-02-20,159,2020-02-20,Washington,53,1,0
2020-02-20,160,2020-02-20,Wisconsin,55,1,0
2020-02-21,165,2020-02-21,Nebraska,31,11,0
2020-02-21,162,2020-02-21,California,6,9,0
2020-02-21,166,2020-02-21,Texas,48,4,0
2020-02-21,163,2020-02-21,Illinois,17,2,0
2020-02-21,161,2020-02-21,Arizona,4,1,0
2020-02-21,164,2020-02-21,Massachusetts,25,1,0
2020-02-21,167,2020-02-21,Washington,53,1,0
2020-02-21,168,2020-02-21,Wisconsin,55,1,0
2020-02-22,173,2020-02-22,Nebraska,31,11,0
2020-02-22,170,2020-02-22,California,6,9,0
2020-02-22,174,2020-02-22,Texas,48,4,0
2020-02-22,171,2020-02-22,Illinois,17,2,0
2020-02-22,169,2020-02-22,Arizona,4,1,0
2020-02-22,172,2020-02-22,Massachusetts,25,1,0
2020-02-22,175,2020-02-22,Washington,53,1,0
2020-02-22,176,2020-02-22,Wisconsin,55,1,0
2020-02-23,181,2020-02-23,Nebraska,31,11,0
2020-02-23,178,2020-02-23,California,6,9,0
2020-02-23,182,2020-02-23,Texas,48,4,0
2020-02-23,179,2020-02-23,Illinois,17,2,0
2020-02-23,177,2020-02-23,Arizona,4,1,0
2020-02-23,180,2020-02-23,Massachusetts,25,1,0
2020-02-23,183,2020-02-23,Washington,53,1,0
2020-02-23,184,2020-02-23,Wisconsin,55,1,0
2020-02-24,189,2020-02-24,Nebraska,31,12,0
2020-02-24,186,2020-02-24,California,6,11,0
2020-02-24,190,2020-02-24,Texas,48,10,0
2020-02-24,191,2020-02-24,Washington,53,5,0
2020-02-24,187,2020-02-24,Illinois,17,2,0
2020-02-24,185,2020-02-24,Arizona,4,1,0
2020-02-24,188,2020-02-24,Massachusetts,25,1,0
2020-02-24,192,2020-02-24,Wisconsin,55,1,0
2020-02-25,197,2020-02-25,Nebraska,31,13,0
2020-02-25,194,2020-02-25,California,6,11,0
2020-02-25,198,2020-02-25,Texas,48,10,0
2020-02-25,200,2020-02-25,Washington,53,5,0
2020-02-25,195,2020-02-25,Illinois,17,2,0
2020-02-25,193,2020-02-25,Arizona,4,1,0
2020-02-25,196,2020-02-25,Massachusetts,25,1,0
2020-02-25,199,2020-02-25,Utah,49,1,0
2020-02-25,201,2020-02-25,Wisconsin,55,1,0
2020-02-26,203,2020-02-26,California,6,26,0
2020-02-26,206,2020-02-26,Nebraska,31,13,0
2020-02-26,207,2020-02-26,Texas,48,10,0
2020-02-26,209,2020-02-26,Washington,53,5,0
2020-02-26,204,2020-02-26,Illinois,17,2,0
2020-02-26,202,2020-02-26,Arizona,4,1,0
2020-02-26,205,2020-02-26,Massachusetts,25,1,0
2020-02-26,208,2020-02-26,Utah,49,1,0
2020-02-26,210,2020-02-26,Wisconsin,55,1,0
2020-02-27,212,2020-02-27,California,6,26,0
2020-02-27,215,2020-02-27,Nebraska,31,13,0
2020-02-27,216,2020-02-27,Texas,48,10,0
2020-02-27,218,2020-02-27,Washington,53,5,0
2020-02-27,213,2020-02-27,Illinois,17,2,0
2020-02-27,211,2020-02-27,Arizona,4,1,0
2020-02-27,214,2020-02-27,Massachusetts,25,1,0
2020-02-27,217,2020-02-27,Utah,49,1,0
2020-02-27,219,2020-02-27,Wisconsin,55,1,0
2020-02-28,221,2020-02-28,California,6,27,0
2020-02-28,224,2020-02-28,Nebraska,31,13,0
2020-02-28,226,2020-02-28,Texas,48,11,0
2020-02-28,228,2020-02-28,Washington,53,7,0
2020-02-28,222,2020-02-28,Illinois,17,2,0
2020-02-28,220,2020-02-28,Arizona,4,1,0
2020-02-28,223,2020-02-28,Massachusetts,25,1,0
2020-02-28,225,2020-02-28,Oregon,41,1,0
2020-02-28,227,2020-02-28,Utah,49,1,0
2020-02-28,229,2020-02-28,Wisconsin,55,1,0
2020-02-29,231,2020-02-29,California,6,28,0
2020-02-29,234,2020-02-29,Nebraska,31,13,0
2020-02-29,236,2020-02-29,Texas,48,11,0
2020-02-29,238,2020-02-29,Washington,53,10,1
2020-02-29,232,2020-02-29,Illinois,17,3,0
2020-02-29,230,2020-02-29,Arizona,4,1,0
2020-02-29,233,2020-02-29,Massachusetts,25,1,0
2020-02-29,235,2020-02-29,Oregon,41,1,0
2020-02-29,237,2020-02-29,Utah,49,1,0
2020-02-29,239,2020-02-29,Wisconsin,55,1,0
2020-03-01,241,2020-03-01,California,6,33,0
2020-03-01,251,2020-03-01,Washington,53,17,3
2020-03-01,245,2020-03-01,Nebraska,31,13,0
2020-03-01,249,2020-03-01,Texas,48,11,0
2020-03-01,243,2020-03-01,Illinois,17,3,0
2020-03-01,242,2020-03-01,Florida,12,2,0
2020-03-01,247,2020-03-01,Oregon,41,2,0
2020-03-01,248,2020-03-01,Rhode Island,44,2,0
2020-03-01,240,2020-03-01,Arizona,4,1,0
2020-03-01,244,2020-03-01,Massachusetts,25,1,0
2020-03-02,254,2020-03-02,California,6,38,0
2020-03-02,266,2020-03-02,Washington,53,23,6
2020-03-02,259,2020-03-02,Nebraska,31,13,0
2020-03-02,264,2020-03-02,Texas,48,11,0
2020-03-02,257,2020-03-02,Illinois,17,4,0
2020-03-02,255,2020-03-02,Florida,12,2,0
2020-03-02,256,2020-03-02,Georgia,13,2,0
2020-03-02,258,2020-03-02,Massachusetts,25,2,0
2020-03-02,262,2020-03-02,Oregon,41,2,0
2020-03-02,263,2020-03-02,Rhode Island,44,2,0
2020-03-03,269,2020-03-03,California,6,45,0
2020-03-03,282,2020-03-03,Washington,53,32,10
2020-03-03,274,2020-03-03,Nebraska,31,13,0
2020-03-03,280,2020-03-03,Texas,48,11,0
2020-03-03,272,2020-03-03,Illinois,17,4,0
2020-03-03,270,2020-03-03,Florida,12,3,0
2020-03-03,268,2020-03-03,Arizona,4,2,0
2020-03-03,271,2020-03-03,Georgia,13,2,0
2020-03-03,273,2020-03-03,Massachusetts,25,2,0
2020-03-03,275,2020-03-03,New Hampshire,33,2,0
2020-03-04,285,2020-03-04,California,6,55,1
2020-03-04,299,2020-03-04,Washington,53,47,11
2020-03-04,290,2020-03-04,Nebraska,31,13,0
2020-03-04,297,2020-03-04,Texas,48,12,0
2020-03-04,293,2020-03-04,New York,36,11,0
2020-03-04,288,2020-03-04,Illinois,17,4,0
2020-03-04,286,2020-03-04,Florida,12,3,0
2020-03-04,284,2020-03-04,Arizona,4,2,0
2020-03-04,287,2020-03-04,Georgia,13,2,0
2020-03-04,289,2020-03-04,Massachusetts,25,2,0
2020-03-05,320,2020-03-05,Washington,53,75,11
2020-03-05,302,2020-03-05,California,6,67,1
2020-03-05,313,2020-03-05,New York,36,22,0
2020-03-05,318,2020-03-05,Texas,48,16,0
2020-03-05,309,2020-03-05,Nebraska,31,13,0
2020-03-05,306,2020-03-05,Illinois,17,5,0
2020-03-05,304,2020-03-05,Florida,12,4,0
2020-03-05,307,2020-03-05,Maryland,24,3,0
2020-03-05,308,2020-03-05,Massachusetts,25,3,0
2020-03-05,301,2020-03-05,Arizona,4,2,0
2020-03-06,348,2020-03-06,Washington,53,86,12
2020-03-06,323,2020-03-06,California,6,81,1
2020-03-06,338,2020-03-06,New York,36,44,0
2020-03-06,346,2020-03-06,Texas,48,19,0
2020-03-06,334,2020-03-06,Nebraska,31,14,0
2020-03-06,324,2020-03-06,Colorado,8,8,0
2020-03-06,332,2020-03-06,Massachusetts,25,8,0
2020-03-06,325,2020-03-06,Florida,12,7,2
2020-03-06,328,2020-03-06,Illinois,17,6,0
2020-03-06,337,2020-03-06,New Jersey,34,4,0
2020-03-07,381,2020-03-07,Washington,53,110,16
2020-03-07,351,2020-03-07,California,6,100,1
2020-03-07,369,2020-03-07,New York,36,89,0
2020-03-07,377,2020-03-07,Texas,48,19,0
2020-03-07,365,2020-03-07,Nebraska,31,14,0
2020-03-07,362,2020-03-07,Massachusetts,25,13,0
2020-03-07,354,2020-03-07,Florida,12,12,2
2020-03-07,352,2020-03-07,Colorado,8,8,0
2020-03-07,355,2020-03-07,Georgia,13,7,0
2020-03-07,357,2020-03-07,Illinois,17,6,0
2020-03-08,416,2020-03-08,Washington,53,141,19
2020-03-08,384,2020-03-08,California,6,112,1
2020-03-08,404,2020-03-08,New York,36,106,0
2020-03-08,397,2020-03-08,Massachusetts,25,28,0
2020-03-08,412,2020-03-08,Texas,48,23,0
2020-03-08,400,2020-03-08,Nebraska,31,16,0
2020-03-08,388,2020-03-08,Florida,12,13,2
2020-03-08,407,2020-03-08,Oregon,41,13,0
2020-03-08,389,2020-03-08,Georgia,13,11,0
2020-03-08,385,2020-03-08,Colorado,8,8,0
2020-03-09,453,2020-03-09,Washington,53,179,22
2020-03-09,419,2020-03-09,California,6,172,2
2020-03-09,440,2020-03-09,New York,36,142,0
2020-03-09,433,2020-03-09,Massachusetts,25,41,0
2020-03-09,449,2020-03-09,Texas,48,24,0
2020-03-09,424,2020-03-09,Georgia,13,17,0
2020-03-09,436,2020-03-09,Nebraska,31,16,0
2020-03-09,423,2020-03-09,Florida,12,14,2
2020-03-09,444,2020-03-09,Oregon,41,13,0
2020-03-09,420,2020-03-09,Colorado,8,12,0
2020-03-10,492,2020-03-10,Washington,53,279,24
2020-03-10,456,2020-03-10,California,6,179,3
2020-03-10,478,2020-03-10,New York,36,173,0
2020-03-10,470,2020-03-10,Massachusetts,25,92,0
2020-03-10,488,2020-03-10,Texas,48,31,0
2020-03-10,460,2020-03-10,Florida,12,23,2
2020-03-10,461,2020-03-10,Georgia,13,22,0
2020-03-10,463,2020-03-10,Illinois,17,19,0
2020-03-10,457,2020-03-10,Colorado,8,17,0
2020-03-10,474,2020-03-10,Nebraska,31,17,0
2020-03-11,536,2020-03-11,Washington,53,338,29
2020-03-11,521,2020-03-11,New York,36,217,0
2020-03-11,496,2020-03-11,California,6,202,4
2020-03-11,511,2020-03-11,Massachusetts,25,95,0
2020-03-11,497,2020-03-11,Colorado,8,34,0
2020-03-11,532,2020-03-11,Texas,48,33,0
2020-03-11,502,2020-03-11,Georgia,13,31,0
2020-03-11,501,2020-03-11,Florida,12,26,2
2020-03-11,504,2020-03-11,Illinois,17,25,0
2020-03-11,516,2020-03-11,Nebraska,31,23,0
2020-03-12,583,2020-03-12,Washington,53,419,32
2020-03-12,568,2020-03-12,New York,36,326,0
2020-03-12,542,2020-03-12,California,6,252,4
2020-03-12,558,2020-03-12,Massachusetts,25,108,0
2020-03-12,543,2020-03-12,Colorado,8,49,1
2020-03-12,547,2020-03-12,Florida,12,46,2
2020-03-12,579,2020-03-12,Texas,48,41,0
2020-03-12,550,2020-03-12,Illinois,17,32,0
2020-03-12,548,2020-03-12,Georgia,13,31,1
2020-03-12,573,2020-03-12,Oregon,41,30,0
2020-03-13,634,2020-03-13,Washington,53,511,37
2020-03-13,618,2020-03-13,New York,36,421,0
2020-03-13,590,2020-03-13,California,6,320,5
2020-03-13,607,2020-03-13,Massachusetts,25,123,0
2020-03-13,591,2020-03-13,Colorado,8,78,2
2020-03-13,595,2020-03-13,Florida,12,70,2
2020-03-13,630,2020-03-13,Texas,48,58,0
2020-03-13,616,2020-03-13,New Jersey,34,50,1
2020-03-13,599,2020-03-13,Illinois,17,46,0
2020-03-13,596,2020-03-13,Georgia,13,41,1
2020-03-14,669,2020-03-14,New York,36,610,2
2020-03-14,686,2020-03-14,Washington,53,609,40
2020-03-14,641,2020-03-14,California,6,381,5
2020-03-14,658,2020-03-14,Massachusetts,25,138,0
2020-03-14,642,2020-03-14,Colorado,8,103,2
2020-03-14,655,2020-03-14,Louisiana,22,77,1
2020-03-14,667,2020-03-14,New Jersey,34,75,2
2020-03-14,646,2020-03-14,Florida,12,70,3
2020-03-14,681,2020-03-14,Texas,48,69,0
2020-03-14,650,2020-03-14,Illinois,17,66,0
2020-03-15,722,2020-03-15,New York,36,732,6
2020-03-15,739,2020-03-15,Washington,53,675,42
2020-03-15,693,2020-03-15,California,6,478,6
2020-03-15,711,2020-03-15,Massachusetts,25,164,0
2020-03-15,694,2020-03-15,Colorado,8,136,2
2020-03-15,698,2020-03-15,Florida,12,109,3
2020-03-15,708,2020-03-15,Louisiana,22,103,2
2020-03-15,720,2020-03-15,New Jersey,34,98,2
2020-03-15,699,2020-03-15,Georgia,13,97,1
2020-03-15,703,2020-03-15,Illinois,17,94,0
2020-03-16,775,2020-03-16,New York,36,950,10
2020-03-16,792,2020-03-16,Washington,53,794,48
2020-03-16,746,2020-03-16,California,6,588,11
2020-03-16,764,2020-03-16,Massachusetts,25,197,0
2020-03-16,773,2020-03-16,New Jersey,34,176,3
2020-03-16,747,2020-03-16,Colorado,8,161,2
2020-03-16,751,2020-03-16,Florida,12,141,4
2020-03-16,761,2020-03-16,Louisiana,22,137,3
2020-03-16,752,2020-03-16,Georgia,13,118,1
2020-03-16,756,2020-03-16,Illinois,17,104,0
2020-03-17,828,2020-03-17,New York,36,1375,18
2020-03-17,845,2020-03-17,Washington,53,908,54
2020-03-17,799,2020-03-17,California,6,732,14
2020-03-17,826,2020-03-17,New Jersey,34,268,3
2020-03-17,817,2020-03-17,Massachusetts,25,218,0
2020-03-17,804,2020-03-17,Florida,12,210,6
2020-03-17,814,2020-03-17,Louisiana,22,196,5
2020-03-17,800,2020-03-17,Colorado,8,183,3
2020-03-17,809,2020-03-17,Illinois,17,159,1
2020-03-17,805,2020-03-17,Georgia,13,142,1
2020-03-18,882,2020-03-18,New York,36,2387,32
2020-03-18,899,2020-03-18,Washington,53,1026,68
2020-03-18,853,2020-03-18,California,6,893,17
2020-03-18,880,2020-03-18,New Jersey,34,427,5
2020-03-18,858,2020-03-18,Florida,12,326,7
2020-03-18,863,2020-03-18,Illinois,17,286,1
2020-03-18,868,2020-03-18,Louisiana,22,280,7
2020-03-18,871,2020-03-18,Massachusetts,25,256,0
2020-03-18,854,2020-03-18,Colorado,8,216,3
2020-03-18,859,2020-03-18,Georgia,13,193,3
2020-03-19,936,2020-03-19,New York,36,4161,39
2020-03-19,953,2020-03-19,Washington,53,1228,75
2020-03-19,907,2020-03-19,California,6,1067,19
2020-03-19,934,2020-03-19,New Jersey,34,735,9
2020-03-19,912,2020-03-19,Florida,12,434,8
2020-03-19,917,2020-03-19,Illinois,17,420,4
2020-03-19,922,2020-03-19,Louisiana,22,392,10
2020-03-19,926,2020-03-19,Michigan,26,334,3
2020-03-19,925,2020-03-19,Massachusetts,25,328,0
2020-03-19,913,2020-03-19,Georgia,13,282,10
2020-03-20,990,2020-03-20,New York,36,7113,68
2020-03-20,1007,2020-03-20,Washington,53,1404,83
2020-03-20,961,2020-03-20,California,6,1283,24
2020-03-20,988,2020-03-20,New Jersey,34,896,11
2020-03-20,971,2020-03-20,Illinois,17,583,5
2020-03-20,966,2020-03-20,Florida,12,564,9
2020-03-20,980,2020-03-20,Michigan,26,548,4
2020-03-20,976,2020-03-20,Louisiana,22,537,10
2020-03-20,967,2020-03-20,Georgia,13,482,14
2020-03-20,979,2020-03-20,Massachusetts,25,413,1
2020-03-21,1044,2020-03-21,New York,36,10371,95
2020-03-21,1061,2020-03-21,Washington,53,1655,95
2020-03-21,1015,2020-03-21,California,6,1544,28
2020-03-21,1042,2020-03-21,New Jersey,34,1336,16
2020-03-21,1034,2020-03-21,Michigan,26,787,6
2020-03-21,1020,2020-03-21,Florida,12,764,11
2020-03-21,1030,2020-03-21,Louisiana,22,763,16
2020-03-21,1025,2020-03-21,Illinois,17,751,6
2020-03-21,1021,2020-03-21,Georgia,13,552,20
2020-03-21,1056,2020-03-21,Texas,48,547,5
2020-03-22,1098,2020-03-22,New York,36,15188,142
2020-03-22,1096,2020-03-22,New Jersey,34,1914,20
2020-03-22,1069,2020-03-22,California,6,1851,35
2020-03-22,1115,2020-03-22,Washington,53,1844,97
2020-03-22,1079,2020-03-22,Illinois,17,1047,9
2020-03-22,1088,2020-03-22,Michigan,26,1033,9
2020-03-22,1074,2020-03-22,Florida,12,1000,13
2020-03-22,1084,2020-03-22,Louisiana,22,837,20
2020-03-22,1087,2020-03-22,Massachusetts,25,646,5
2020-03-22,1110,2020-03-22,Texas,48,639,7
2020-03-23,1152,2020-03-23,New York,36,20899,183
2020-03-23,1150,2020-03-23,New Jersey,34,2844,27
2020-03-23,1123,2020-03-23,California,6,2240,39
2020-03-23,1169,2020-03-23,Washington,53,2101,110
2020-03-23,1142,2020-03-23,Michigan,26,1324,16
2020-03-23,1133,2020-03-23,Illinois,17,1285,12
2020-03-23,1128,2020-03-23,Florida,12,1222,18
2020-03-23,1138,2020-03-23,Louisiana,22,1172,34
2020-03-23,1129,2020-03-23,Georgia,13,800,25
2020-03-23,1141,2020-03-23,Massachusetts,25,777,9
2020-03-24,1206,2020-03-24,New York,36,25704,264
2020-03-24,1204,2020-03-24,New Jersey,34,3675,44
2020-03-24,1177,2020-03-24,California,6,2644,52
2020-03-24,1223,2020-03-24,Washington,53,2469,123
2020-03-24,1196,2020-03-24,Michigan,26,1791,24
2020-03-24,1187,2020-03-24,Illinois,17,1535,16
2020-03-24,1182,2020-03-24,Florida,12,1467,20
2020-03-24,1192,2020-03-24,Louisiana,22,1388,46
2020-03-24,1195,2020-03-24,Massachusetts,25,1159,11
2020-03-24,1183,2020-03-24,Georgia,13,1095,38
2020-03-25,1260,2020-03-25,New York,36,33117,381
2020-03-25,1258,2020-03-25,New Jersey,34,4402,62
2020-03-25,1231,2020-03-25,California,6,3183,68
2020-03-25,1277,2020-03-25,Washington,53,2585,130
2020-03-25,1250,2020-03-25,Michigan,26,2293,43
2020-03-25,1236,2020-03-25,Florida,12,1971,23
2020-03-25,1241,2020-03-25,Illinois,17,1874,21
2020-03-25,1249,2020-03-25,Massachusetts,25,1838,15
2020-03-25,1246,2020-03-25,Louisiana,22,1795,65
2020-03-25,1237,2020-03-25,Georgia,13,1385,47
2020-03-26,1314,2020-03-26,New York,36,39058,502
2020-03-26,1312,2020-03-26,New Jersey,34,6876,82
2020-03-26,1285,2020-03-26,California,6,4060,83
2020-03-26,1331,2020-03-26,Washington,53,3208,152
2020-03-26,1304,2020-03-26,Michigan,26,2877,63
2020-03-26,1295,2020-03-26,Illinois,17,2538,26
2020-03-26,1290,2020-03-26,Florida,12,2478,29
2020-03-26,1303,2020-03-26,Massachusetts,25,2417,25
2020-03-26,1300,2020-03-26,Louisiana,22,2305,83
2020-03-26,1320,2020-03-26,Pennsylvania,42,1690,16
2020-03-27,1368,2020-03-27,New York,36,44746,645
2020-03-27,1366,2020-03-27,New Jersey,34,8825,108
2020-03-27,1339,2020-03-27,California,6,4915,104
2020-03-27,1385,2020-03-27,Washington,53,3770,179
2020-03-27,1358,2020-03-27,Michigan,26,3655,93
2020-03-27,1357,2020-03-27,Massachusetts,25,3240,35
2020-03-27,1344,2020-03-27,Florida,12,3198,46
2020-03-27,1349,2020-03-27,Illinois,17,3029,37
2020-03-27,1354,2020-03-27,Louisiana,22,2746,119
2020-03-27,1374,2020-03-27,Pennsylvania,42,2217,23
2020-03-28,1422,2020-03-28,New York,36,53517,935
2020-03-28,1420,2020-03-28,New Jersey,34,11124,140
2020-03-28,1393,2020-03-28,California,6,5566,122
2020-03-28,1412,2020-03-28,Michigan,26,4634,112
2020-03-28,1440,2020-03-28,Washington,53,4311,193
2020-03-28,1411,2020-03-28,Massachusetts,25,4257,44
2020-03-28,1398,2020-03-28,Florida,12,4038,56
2020-03-28,1403,2020-03-28,Illinois,17,3547,50
2020-03-28,1408,2020-03-28,Louisiana,22,3315,137
2020-03-28,1429,2020-03-28,Pennsylvania,42,2815,35
2020-03-29,1477,2020-03-29,New York,36,59783,1180
2020-03-29,1475,2020-03-29,New Jersey,34,13386,161
2020-03-29,1448,2020-03-29,California,6,6321,132
2020-03-29,1467,2020-03-29,Michigan,26,5486,132
2020-03-29,1466,2020-03-29,Massachusetts,25,4955,48
2020-03-29,1453,2020-03-29,Florida,12,4943,60
2020-03-29,1495,2020-03-29,Washington,53,4897,209
2020-03-29,1458,2020-03-29,Illinois,17,4615,71
2020-03-29,1463,2020-03-29,Louisiana,22,3539,153
2020-03-29,1484,2020-03-29,Pennsylvania,42,3441,40
2020-03-30,1532,2020-03-30,New York,36,67504,1512
2020-03-30,1530,2020-03-30,New Jersey,34,16636,199
2020-03-30,1503,2020-03-30,California,6,7421,147
2020-03-30,1522,2020-03-30,Michigan,26,6508,197
2020-03-30,1521,2020-03-30,Massachusetts,25,5752,56
2020-03-30,1508,2020-03-30,Florida,12,5695,72
2020-03-30,1550,2020-03-30,Washington,53,5180,221
2020-03-30,1513,2020-03-30,Illinois,17,5070,84
2020-03-30,1539,2020-03-30,Pennsylvania,42,4156,48
2020-03-30,1518,2020-03-30,Louisiana,22,4024,186
2020-03-31,1587,2020-03-31,New York,36,76211,1929
2020-03-31,1585,2020-03-31,New Jersey,34,18696,267
2020-03-31,1558,2020-03-31,California,6,8583,184
2020-03-31,1577,2020-03-31,Michigan,26,7629,264
2020-03-31,1563,2020-03-31,Florida,12,6742,85
2020-03-31,1576,2020-03-31,Massachusetts,25,6620,89
2020-03-31,1568,2020-03-31,Illinois,17,5992,107
2020-03-31,1605,2020-03-31,Washington,53,5293,226
2020-03-31,1573,2020-03-31,Louisiana,22,5237,240
2020-03-31,1594,2020-03-31,Pennsylvania,42,4997,72
2020-04-01,1642,2020-04-01,New York,36,84364,2415
2020-04-01,1640,2020-04-01,New Jersey,34,22255,355
2020-04-01,1613,2020-04-01,California,6,9857,212
2020-04-01,1632,2020-04-01,Michigan,26,9292,336
2020-04-01,1618,2020-04-01,Florida,12,7769,100
2020-04-01,1631,2020-04-01,Massachusetts,25,7738,122
2020-04-01,1623,2020-04-01,Illinois,17,6978,146
2020-04-01,1628,2020-04-01,Louisiana,22,6424,275
2020-04-01,1649,2020-04-01,Pennsylvania,42,5805,78
2020-04-01,1660,2020-04-01,Washington,53,5589,250
2020-04-02,1697,2020-04-02,New York,36,93360,2963
2020-04-02,1695,2020-04-02,New Jersey,34,25590,539
2020-04-02,1668,2020-04-02,California,6,11190,247
2020-04-02,1687,2020-04-02,Michigan,26,10791,417
2020-04-02,1683,2020-04-02,Louisiana,22,9152,310
2020-04-02,1673,2020-04-02,Florida,12,9000,144
2020-04-02,1686,2020-04-02,Massachusetts,25,8966,154
2020-04-02,1678,2020-04-02,Illinois,17,7695,165
2020-04-02,1704,2020-04-02,Pennsylvania,42,7021,91
2020-04-02,1715,2020-04-02,Washington,53,6586,272
2020-04-03,1752,2020-04-03,New York,36,103689,3716
2020-04-03,1750,2020-04-03,New Jersey,34,29895,647
2020-04-03,1742,2020-04-03,Michigan,26,12669,478
2020-04-03,1723,2020-04-03,California,6,12569,282
2020-04-03,1741,2020-04-03,Massachusetts,25,10402,192
2020-04-03,1738,2020-04-03,Louisiana,22,10299,370
2020-04-03,1728,2020-04-03,Florida,12,10260,169
2020-04-03,1733,2020-04-03,Illinois,17,8904,212
2020-04-03,1759,2020-04-03,Pennsylvania,42,8420,102
2020-04-03,1770,2020-04-03,Washington,53,6967,293
2020-04-04,1807,2020-04-04,New York,36,115963,4535
2020-04-04,1805,2020-04-04,New Jersey,34,34124,847
2020-04-04,1797,2020-04-04,Michigan,26,14225,541
2020-04-04,1778,2020-04-04,California,6,13796,323
2020-04-04,1793,2020-04-04,Louisiana,22,12500,412
2020-04-04,1796,2020-04-04,Massachusetts,25,11736,216
2020-04-04,1783,2020-04-04,Florida,12,11537,194
2020-04-04,1788,2020-04-04,Illinois,17,10357,248
2020-04-04,1814,2020-04-04,Pennsylvania,42,10110,140
2020-04-04,1825,2020-04-04,Washington,53,7499,318
2020-04-05,1862,2020-04-05,New York,36,124085,5335
2020-04-05,1860,2020-04-05,New Jersey,34,37505,917
2020-04-05,1852,2020-04-05,Michigan,26,15633,617
2020-04-05,1833,2020-04-05,California,6,15202,351
2020-04-05,1848,2020-04-05,Louisiana,22,13014,477
2020-04-05,1851,2020-04-05,Massachusetts,25,12500,231
2020-04-05,1838,2020-04-05,Florida,12,12342,220
2020-04-05,1869,2020-04-05,Pennsylvania,42,11590,159
2020-04-05,1843,2020-04-05,Illinois,17,11276,283
2020-04-05,1880,2020-04-05,Washington,53,7985,344
2020-04-06,1917,2020-04-06,New York,36,133389,6149
2020-04-06,1915,2020-04-06,New Jersey,34,41090,1005
2020-04-06,1907,2020-04-06,Michigan,26,17129,727
2020-04-06,1888,2020-04-06,California,6,16361,386
2020-04-06,1903,2020-04-06,Louisiana,22,14867,512
2020-04-06,1906,2020-04-06,Massachusetts,25,13837,260
2020-04-06,1893,2020-04-06,Florida,12,13621,253
2020-04-06,1924,2020-04-06,Pennsylvania,42,13075,170
2020-04-06,1898,2020-04-06,Illinois,17,12262,309
2020-04-06,1935,2020-04-06,Washington,53,8385,383
2020-04-07,1972,2020-04-07,New York,36,141703,7185
2020-04-07,1970,2020-04-07,New Jersey,34,44416,1232
2020-04-07,1962,2020-04-07,Michigan,26,18851,845
2020-04-07,1943,2020-04-07,California,6,17540,447
2020-04-07,1958,2020-04-07,Louisiana,22,16284,582
2020-04-07,1961,2020-04-07,Massachusetts,25,15202,356
2020-04-07,1948,2020-04-07,Florida,12,14739,295
2020-04-07,1979,2020-04-07,Pennsylvania,42,14582,241
2020-04-07,1953,2020-04-07,Illinois,17,13549,384
2020-04-07,1949,2020-04-07,Georgia,13,9156,348
2020-04-08,2027,2020-04-08,New York,36,151271,8138
2020-04-08,2025,2020-04-08,New Jersey,34,47437,1504
2020-04-08,2017,2020-04-08,Michigan,26,20220,959
2020-04-08,1998,2020-04-08,California,6,19043,506
2020-04-08,2013,2020-04-08,Louisiana,22,17030,652
2020-04-08,2016,2020-04-08,Massachusetts,25,16790,433
2020-04-08,2034,2020-04-08,Pennsylvania,42,16414,313
2020-04-08,2003,2020-04-08,Florida,12,15690,322
2020-04-08,2008,2020-04-08,Illinois,17,15078,464
2020-04-08,2004,2020-04-08,Georgia,13,10204,370
2020-04-09,2082,2020-04-09,New York,36,162036,9166
2020-04-09,2080,2020-04-09,New Jersey,34,51027,1700
2020-04-09,2072,2020-04-09,Michigan,26,21375,1076
2020-04-09,2053,2020-04-09,California,6,20191,548
2020-04-09,2071,2020-04-09,Massachusetts,25,18941,503
2020-04-09,2089,2020-04-09,Pennsylvania,42,18379,344
2020-04-09,2068,2020-04-09,Louisiana,22,18283,702
2020-04-09,2058,2020-04-09,Florida,12,16819,370
2020-04-09,2063,2020-04-09,Illinois,17,16422,534
2020-04-09,2095,2020-04-09,Texas,48,11372,228
2020-04-10,2137,2020-04-10,New York,36,172830,10162
2020-04-10,2135,2020-04-10,New Jersey,34,54588,1932
2020-04-10,2127,2020-04-10,Michigan,26,22646,1280
2020-04-10,2108,2020-04-10,California,6,21366,594
2020-04-10,2126,2020-04-10,Massachusetts,25,20974,599
2020-04-10,2144,2020-04-10,Pennsylvania,42,20128,435
2020-04-10,2123,2020-04-10,Louisiana,22,19253,755
2020-04-10,2113,2020-04-10,Florida,12,17960,418
2020-04-10,2118,2020-04-10,Illinois,17,17887,607
2020-04-10,2150,2020-04-10,Texas,48,12291,249
2020-04-11,2192,2020-04-11,New York,36,182990,11159
2020-04-11,2190,2020-04-11,New Jersey,34,58151,2183
2020-04-11,2182,2020-04-11,Michigan,26,23855,1395
2020-04-11,2181,2020-04-11,Massachusetts,25,22860,686
2020-04-11,2163,2020-04-11,California,6,22421,632
2020-04-11,2199,2020-04-11,Pennsylvania,42,21774,515
2020-04-11,2178,2020-04-11,Louisiana,22,20014,806
2020-04-11,2173,2020-04-11,Illinois,17,19180,682
2020-04-11,2168,2020-04-11,Florida,12,18978,445
2020-04-11,2205,2020-04-11,Texas,48,13208,265
2020-04-12,2247,2020-04-12,New York,36,191425,12116
2020-04-12,2245,2020-04-12,New Jersey,34,61850,2350
2020-04-12,2236,2020-04-12,Massachusetts,25,25475,756
2020-04-12,2237,2020-04-12,Michigan,26,24496,1488
2020-04-12,2218,2020-04-12,California,6,23323,676
2020-04-12,2254,2020-04-12,Pennsylvania,42,22955,525
2020-04-12,2228,2020-04-12,Illinois,17,20852,727
2020-04-12,2233,2020-04-12,Louisiana,22,20595,840
2020-04-12,2223,2020-04-12,Florida,12,19855,460
2020-04-12,2260,2020-04-12,Texas,48,13776,288
2020-04-13,2302,2020-04-13,New York,36,197973,12998
2020-04-13,2300,2020-04-13,New Jersey,34,64584,2443
2020-04-13,2291,2020-04-13,Massachusetts,25,26867,844
2020-04-13,2292,2020-04-13,Michigan,26,25490,1603
2020-04-13,2273,2020-04-13,California,6,24334,725
2020-04-13,2309,2020-04-13,Pennsylvania,42,24295,563
2020-04-13,2283,2020-04-13,Illinois,17,22025,800
2020-04-13,2288,2020-04-13,Louisiana,22,21016,884
2020-04-13,2278,2020-04-13,Florida,12,21011,498
2020-04-13,2315,2020-04-13,Texas,48,14487,320
2020-04-14,2357,2020-04-14,New York,36,205375,14001
2020-04-14,2355,2020-04-14,New Jersey,34,68824,2805
2020-04-14,2346,2020-04-14,Massachusetts,25,28163,957
2020-04-14,2347,2020-04-14,Michigan,26,26845,1767
2020-04-14,2328,2020-04-14,California,6,25758,778
2020-04-14,2364,2020-04-14,Pennsylvania,42,25591,746
2020-04-14,2338,2020-04-14,Illinois,17,23247,878
2020-04-14,2333,2020-04-14,Florida,12,21620,570
2020-04-14,2343,2020-04-14,Louisiana,22,21518,1013
2020-04-14,2370,2020-04-14,Texas,48,15303,365
2020-04-15,2412,2020-04-15,New York,36,217130,14937
2020-04-15,2410,2020-04-15,New Jersey,34,71030,3156
2020-04-15,2401,2020-04-15,Massachusetts,25,29918,1108
2020-04-15,2402,2020-04-15,Michigan,26,27894,1920
2020-04-15,2383,2020-04-15,California,6,27107,885
2020-04-15,2419,2020-04-15,Pennsylvania,42,26804,833
2020-04-15,2393,2020-04-15,Illinois,17,24593,958
2020-04-15,2388,2020-04-15,Florida,12,22526,613
2020-04-15,2398,2020-04-15,Louisiana,22,21951,1103
2020-04-15,2425,2020-04-15,Texas,48,16106,395
2020-04-16,2467,2020-04-16,New York,36,225761,15669
2020-04-16,2465,2020-04-16,New Jersey,34,75317,3518
2020-04-16,2456,2020-04-16,Massachusetts,25,32181,1245
2020-04-16,2457,2020-04-16,Michigan,26,29120,2092
2020-04-16,2474,2020-04-16,Pennsylvania,42,28314,940
2020-04-16,2438,2020-04-16,California,6,28142,971
2020-04-16,2448,2020-04-16,Illinois,17,25734,1081
2020-04-16,2443,2020-04-16,Florida,12,23332,667
2020-04-16,2453,2020-04-16,Louisiana,22,22532,1156
2020-04-16,2480,2020-04-16,Texas,48,16928,428
2020-04-17,2522,2020-04-17,New York,36,233293,16473
2020-04-17,2520,2020-04-17,New Jersey,34,78467,3840
2020-04-17,2511,2020-04-17,Massachusetts,25,34402,1404
2020-04-17,2529,2020-04-17,Pennsylvania,42,30121,1027
2020-04-17,2512,2020-04-17,Michigan,26,29954,2227
2020-04-17,2493,2020-04-17,California,6,29398,1050
2020-04-17,2503,2020-04-17,Illinois,17,27575,1142
2020-04-17,2498,2020-04-17,Florida,12,24745,725
2020-04-17,2508,2020-04-17,Louisiana,22,23118,1213
2020-04-17,2535,2020-04-17,Texas,48,18131,461
2020-04-18,2577,2020-04-18,New York,36,240542,17141
2020-04-18,2575,2020-04-18,New Jersey,34,81420,4070
2020-04-18,2566,2020-04-18,Massachusetts,25,36372,1560
2020-04-18,2584,2020-04-18,Pennsylvania,42,31742,1150
2020-04-18,2548,2020-04-18,California,6,30829,1146
2020-04-18,2567,2020-04-18,Michigan,26,30718,2307
2020-04-18,2558,2020-04-18,Illinois,17,29160,1272
2020-04-18,2553,2020-04-18,Florida,12,25484,747
2020-04-18,2563,2020-04-18,Louisiana,22,23580,1267
2020-04-18,2590,2020-04-18,Texas,48,18927,487
2020-04-19,2632,2020-04-19,New York,36,246741,17793
2020-04-19,2630,2020-04-19,New Jersey,34,85301,4202
2020-04-19,2621,2020-04-19,Massachusetts,25,38077,1706
2020-04-19,2639,2020-04-19,Pennsylvania,42,32992,1285
2020-04-19,2603,2020-04-19,California,6,31544,1176
2020-04-19,2622,2020-04-19,Michigan,26,31349,2389
2020-04-19,2613,2020-04-19,Illinois,17,30357,1302
2020-04-19,2608,2020-04-19,Florida,12,26306,773
2020-04-19,2618,2020-04-19,Louisiana,22,23928,1296
2020-04-19,2645,2020-04-19,Texas,48,19441,503
2020-04-20,2687,2020-04-20,New York,36,251608,18412
2020-04-20,2685,2020-04-20,New Jersey,34,88806,4377
2020-04-20,2676,2020-04-20,Massachusetts,25,39643,1809
2020-04-20,2694,2020-04-20,Pennsylvania,42,34005,1366
2020-04-20,2658,2020-04-20,California,6,33862,1223
2020-04-20,2677,2020-04-20,Michigan,26,31929,2466
2020-04-20,2668,2020-04-20,Illinois,17,31508,1359
2020-04-20,2663,2020-04-20,Florida,12,27050,822
2020-04-20,2673,2020-04-20,Louisiana,22,24523,1328
2020-04-20,2700,2020-04-20,Texas,48,20035,523
2020-04-21,2742,2020-04-21,New York,36,255932,19040
2020-04-21,2740,2020-04-21,New Jersey,34,92387,4753
2020-04-21,2731,2020-04-21,Massachusetts,25,41199,1961
2020-04-21,2713,2020-04-21,California,6,35844,1316
2020-04-21,2749,2020-04-21,Pennsylvania,42,35384,1620
2020-04-21,2723,2020-04-21,Illinois,17,33059,1479
2020-04-21,2732,2020-04-21,Michigan,26,32936,2698
2020-04-21,2718,2020-04-21,Florida,12,27861,866
2020-04-21,2728,2020-04-21,Louisiana,22,24854,1405
2020-04-21,2755,2020-04-21,Texas,48,20949,552
2020-04-22,2797,2020-04-22,New York,36,261591,19647
2020-04-22,2795,2020-04-22,New Jersey,34,95865,5063
2020-04-22,2786,2020-04-22,Massachusetts,25,42944,2182
2020-04-22,2768,2020-04-22,California,6,37573,1425
2020-04-22,2804,2020-04-22,Pennsylvania,42,36763,1720
2020-04-22,2778,2020-04-22,Illinois,17,35108,1577
2020-04-22,2787,2020-04-22,Michigan,26,33973,2813
2020-04-22,2773,2020-04-22,Florida,12,28301,926
2020-04-22,2783,2020-04-22,Louisiana,22,25317,1532
2020-04-22,2770,2020-04-22,Connecticut,9,22469,1544
2020-04-23,2852,2020-04-23,New York,36,267932,20212
2020-04-23,2850,2020-04-23,New Jersey,34,99989,5368
2020-04-23,2841,2020-04-23,Massachusetts,25,46023,2360
2020-04-23,2823,2020-04-23,California,6,39534,1548
2020-04-23,2859,2020-04-23,Pennsylvania,42,38334,1723
2020-04-23,2833,2020-04-23,Illinois,17,36935,1696
2020-04-23,2842,2020-04-23,Michigan,26,35253,2977
2020-04-23,2828,2020-04-23,Florida,12,29640,986
2020-04-23,2838,2020-04-23,Louisiana,22,25798,1599
2020-04-23,2825,2020-04-23,Connecticut,9,23100,1639
2020-04-24,2907,2020-04-24,New York,36,276218,20759
2020-04-24,2905,2020-04-24,New Jersey,34,102196,5617
2020-04-24,2896,2020-04-24,Massachusetts,25,50969,2556
2020-04-24,2878,2020-04-24,California,6,41368,1619
2020-04-24,2914,2020-04-24,Pennsylvania,42,40298,1786
2020-04-24,2888,2020-04-24,Illinois,17,39658,1804
2020-04-24,2897,2020-04-24,Michigan,26,36628,3084
2020-04-24,2883,2020-04-24,Florida,12,30525,1045
2020-04-24,2893,2020-04-24,Louisiana,22,26199,1660
2020-04-24,2880,2020-04-24,Connecticut,9,23921,1764
2020-04-25,2962,2020-04-25,New York,36,286901,21326
2020-04-25,2960,2020-04-25,New Jersey,34,105523,5863
2020-04-25,2951,2020-04-25,Massachusetts,25,53348,2730
2020-04-25,2933,2020-04-25,California,6,42590,1692
2020-04-25,2943,2020-04-25,Illinois,17,41777,1884
2020-04-25,2969,2020-04-25,Pennsylvania,42,41626,1842
2020-04-25,2952,2020-04-25,Michigan,26,37302,3273
2020-04-25,2938,2020-04-25,Florida,12,30831,1054
2020-04-25,2948,2020-04-25,Louisiana,22,26571,1703
2020-04-25,2935,2020-04-25,Connecticut,9,24582,1862
2020-04-26,3017,2020-04-26,New York,36,292914,21804
2020-04-26,3015,2020-04-26,New Jersey,34,109038,5938
2020-04-26,3006,2020-04-26,Massachusetts,25,54938,2899
2020-04-26,2998,2020-04-26,Illinois,17,43903,1943
2020-04-26,2988,2020-04-26,California,6,43691,1716
2020-04-26,3024,2020-04-26,Pennsylvania,42,42709,1871
2020-04-26,3007,2020-04-26,Michigan,26,38003,3314
2020-04-26,2993,2020-04-26,Florida,12,31520,1073
2020-04-26,3003,2020-04-26,Louisiana,22,26832,1729
2020-04-26,2990,2020-04-26,Connecticut,9,25269,1925
2020-04-27,3072,2020-04-27,New York,36,296991,22267
2020-04-27,3070,2020-04-27,New Jersey,34,111188,6044
2020-04-27,3061,2020-04-27,Massachusetts,25,56462,3003
2020-04-27,3053,2020-04-27,Illinois,17,45883,1992
2020-04-27,3043,2020-04-27,California,6,45208,1800
2020-04-27,3079,2020-04-27,Pennsylvania,42,43728,1946
2020-04-27,3062,2020-04-27,Michigan,26,38457,3406
2020-04-27,3048,2020-04-27,Florida,12,32130,1087
2020-04-27,3058,2020-04-27,Louisiana,22,27111,1740
2020-04-27,3045,2020-04-27,Connecticut,9,25997,2012
2020-04-28,3127,2020-04-28,New York,36,300276,22777
2020-04-28,3125,2020-04-28,New Jersey,34,113856,6442
2020-04-28,3116,2020-04-28,Massachusetts,25,58302,3153
2020-04-28,3108,2020-04-28,Illinois,17,48102,2132
2020-04-28,3098,2020-04-28,California,6,46570,1884
2020-04-28,3134,2020-04-28,Pennsylvania,42,45323,2092
2020-04-28,3117,2020-04-28,Michigan,26,39469,3566
2020-04-28,3103,2020-04-28,Florida,12,32838,1170
2020-04-28,3113,2020-04-28,Louisiana,22,27329,1801
2020-04-28,3140,2020-04-28,Texas,48,26868,738
2020-04-29,3182,2020-04-29,New York,36,304994,23287
2020-04-29,3180,2020-04-29,New Jersey,34,116264,6770
2020-04-29,3171,2020-04-29,Massachusetts,25,60265,3405
2020-04-29,3163,2020-04-29,Illinois,17,50355,2221
2020-04-29,3153,2020-04-29,California,6,48904,1961
2020-04-29,3189,2020-04-29,Pennsylvania,42,46191,2392
2020-04-29,3172,2020-04-29,Michigan,26,40443,3670
2020-04-29,3158,2020-04-29,Florida,12,33185,1216
2020-04-29,3195,2020-04-29,Texas,48,27839,776
2020-04-29,3168,2020-04-29,Louisiana,22,27703,1845
2020-04-30,3237,2020-04-30,New York,36,309696,23616
2020-04-30,3235,2020-04-30,New Jersey,34,118652,7228
2020-04-30,3226,2020-04-30,Massachusetts,25,62205,3562
2020-04-30,3218,2020-04-30,Illinois,17,52918,2361
2020-04-30,3208,2020-04-30,California,6,50470,2057
2020-04-30,3244,2020-04-30,Pennsylvania,42,48224,2580
2020-04-30,3227,2020-04-30,Michigan,26,41348,3788
2020-04-30,3213,2020-04-30,Florida,12,33683,1267
2020-04-30,3250,2020-04-30,Texas,48,29072,828
2020-04-30,3223,2020-04-30,Louisiana,22,28044,1905
2020-05-01,3292,2020-05-01,New York,36,313575,23841
2020-05-01,3290,2020-05-01,New Jersey,34,121190,7538
2020-05-01,3281,2020-05-01,Massachusetts,25,64311,3716
2020-05-01,3273,2020-05-01,Illinois,17,56055,2464
2020-05-01,3263,2020-05-01,California,6,52318,2147
2020-05-01,3299,2020-05-01,Pennsylvania,42,49764,2671
2020-05-01,3282,2020-05-01,Michigan,26,42348,3866
2020-05-01,3268,2020-05-01,Florida,12,34720,1313
2020-05-01,3305,2020-05-01,Texas,48,30342,853
2020-05-01,3265,2020-05-01,Connecticut,9,28764,2339
2020-05-02,3347,2020-05-02,New York,36,318134,24035
2020-05-02,3345,2020-05-02,New Jersey,34,123717,7742
2020-05-02,3336,2020-05-02,Massachusetts,25,66263,3846
2020-05-02,3328,2020-05-02,Illinois,17,58505,2576
2020-05-02,3318,2020-05-02,California,6,53753,2213
2020-05-02,3354,2020-05-02,Pennsylvania,42,51071,2794
2020-05-02,3337,2020-05-02,Michigan,26,43191,4020
2020-05-02,3323,2020-05-02,Florida,12,35455,1363
2020-05-02,3360,2020-05-02,Texas,48,31433,875
2020-05-02,3320,2020-05-02,Connecticut,9,29287,2436
2020-05-03,3402,2020-05-03,New York,36,321833,24576
2020-05-03,3400,2020-05-03,New Jersey,34,126744,7871
2020-05-03,3391,2020-05-03,Massachusetts,25,68087,4004
2020-05-03,3383,2020-05-03,Illinois,17,61499,2632
2020-05-03,3373,2020-05-03,California,6,55072,2235
2020-05-03,3409,2020-05-03,Pennsylvania,42,52079,2843
2020-05-03,3392,2020-05-03,Michigan,26,43803,4049
2020-05-03,3378,2020-05-03,Florida,12,36070,1378
2020-05-03,3415,2020-05-03,Texas,48,32299,890
2020-05-03,3388,2020-05-03,Louisiana,22,29383,2012
2020-05-04,3457,2020-05-04,New York,36,324357,24788
2020-05-04,3455,2020-05-04,New Jersey,34,128269,7910
2020-05-04,3446,2020-05-04,Massachusetts,25,69087,4090
2020-05-04,3438,2020-05-04,Illinois,17,63840,2673
2020-05-04,3428,2020-05-04,California,6,56333,2297
2020-05-04,3464,2020-05-04,Pennsylvania,42,52992,2880
2020-05-04,3447,2020-05-04,Michigan,26,43996,4135
2020-05-04,3433,2020-05-04,Florida,12,36889,1398
2020-05-04,3470,2020-05-04,Texas,48,33134,914
2020-05-04,3430,2020-05-04,Connecticut,9,29973,2556
2020-05-05,3512,2020-05-05,New York,36,326659,25028
2020-05-05,3510,2020-05-05,New Jersey,34,130593,8244
2020-05-05,3501,2020-05-05,Massachusetts,25,70271,4212
2020-05-05,3493,2020-05-05,Illinois,17,65889,2843
2020-05-05,3483,2020-05-05,California,6,58848,2386
2020-05-05,3519,2020-05-05,Pennsylvania,42,53967,3206
2020-05-05,3502,2020-05-05,Michigan,26,44391,4179
2020-05-05,3488,2020-05-05,Florida,12,37431,1470
2020-05-05,3525,2020-05-05,Texas,48,34286,955
2020-05-05,3485,2020-05-05,Connecticut,9,30621,2633
2020-05-06,3567,2020-05-06,New York,36,329405,25956
2020-05-06,3565,2020-05-06,New Jersey,34,131890,8549
2020-05-06,3556,2020-05-06,Massachusetts,25,72025,4420
2020-05-06,3548,2020-05-06,Illinois,17,68164,2977
2020-05-06,3538,2020-05-06,California,6,60787,2478
2020-05-06,3574,2020-05-06,Pennsylvania,42,54989,3360
2020-05-06,3557,2020-05-06,Michigan,26,45079,4250
2020-05-06,3543,2020-05-06,Florida,12,37994,1538
2020-05-06,3580,2020-05-06,Texas,48,35441,985
2020-05-06,3540,2020-05-06,Connecticut,9,30995,2718
2020-05-07,3622,2020-05-07,New York,36,332931,26206
2020-05-07,3620,2020-05-07,New Jersey,34,133635,8801
2020-05-07,3611,2020-05-07,Massachusetts,25,73721,4552
2020-05-07,3603,2020-05-07,Illinois,17,70802,3139
2020-05-07,3593,2020-05-07,California,6,62481,2561
2020-05-07,3629,2020-05-07,Pennsylvania,42,56149,3599
2020-05-07,3612,2020-05-07,Michigan,26,45643,4343
2020-05-07,3598,2020-05-07,Florida,12,38820,1599
2020-05-07,3635,2020-05-07,Texas,48,36682,1016
2020-05-07,3595,2020-05-07,Connecticut,9,31784,2797
2020-05-08,3677,2020-05-08,New York,36,335804,26358
2020-05-08,3675,2020-05-08,New Jersey,34,135454,8952
2020-05-08,3666,2020-05-08,Massachusetts,25,75333,4702
2020-05-08,3658,2020-05-08,Illinois,17,73688,3262
2020-05-08,3648,2020-05-08,California,6,64616,2650
2020-05-08,3684,2020-05-08,Pennsylvania,42,57501,3724
2020-05-08,3667,2020-05-08,Michigan,26,46319,4393
2020-05-08,3653,2020-05-08,Florida,12,39191,1668
2020-05-08,3690,2020-05-08,Texas,48,37943,1059
2020-05-08,3650,2020-05-08,Connecticut,9,32411,2874
2020-05-09,3732,2020-05-09,New York,36,338519,26584
2020-05-09,3730,2020-05-09,New Jersey,34,137085,9116
2020-05-09,3721,2020-05-09,Massachusetts,25,76743,4840
2020-05-09,3713,2020-05-09,Illinois,17,76008,3362
2020-05-09,3703,2020-05-09,California,6,66824,2732
2020-05-09,3739,2020-05-09,Pennsylvania,42,58661,3793
2020-05-09,3722,2020-05-09,Michigan,26,46735,4526
2020-05-09,3708,2020-05-09,Florida,12,39993,1714
2020-05-09,3745,2020-05-09,Texas,48,38849,1086
2020-05-09,3705,2020-05-09,Connecticut,9,32984,2932
2020-05-10,3787,2020-05-10,New York,36,340657,26798
2020-05-10,3785,2020-05-10,New Jersey,34,138532,9255
2020-05-10,3776,2020-05-10,Massachusetts,25,77793,4979
2020-05-10,3768,2020-05-10,Illinois,17,77662,3426
2020-05-10,3758,2020-05-10,California,6,68051,2769
2020-05-10,3794,2020-05-10,Pennsylvania,42,60037,3819
2020-05-10,3777,2020-05-10,Michigan,26,47116,4551
2020-05-10,3763,2020-05-10,Florida,12,40588,1720
2020-05-10,3800,2020-05-10,Texas,48,40037,1110
2020-05-10,3760,2020-05-10,Connecticut,9,33554,2967
2020-05-11,3842,2020-05-11,New York,36,342267,27003
2020-05-11,3840,2020-05-11,New Jersey,34,139945,9310
2020-05-11,3823,2020-05-11,Illinois,17,79123,3480
2020-05-11,3831,2020-05-11,Massachusetts,25,78462,5108
2020-05-11,3813,2020-05-11,California,6,69514,2820
2020-05-11,3849,2020-05-11,Pennsylvania,42,60557,3846
2020-05-11,3832,2020-05-11,Michigan,26,47526,4584
2020-05-11,3855,2020-05-11,Texas,48,40988,1137
2020-05-11,3818,2020-05-11,Florida,12,40974,1734
2020-05-11,3815,2020-05-11,Connecticut,9,33765,3008
2020-05-12,3897,2020-05-12,New York,36,343705,27282
2020-05-12,3895,2020-05-12,New Jersey,34,140743,9508
2020-05-12,3878,2020-05-12,Illinois,17,83168,3617
2020-05-12,3886,2020-05-12,Massachusetts,25,79332,5141
2020-05-12,3868,2020-05-12,California,6,71150,2902
2020-05-12,3904,2020-05-12,Pennsylvania,42,61407,3924
2020-05-12,3887,2020-05-12,Michigan,26,47946,4674
2020-05-12,3910,2020-05-12,Texas,48,42348,1169
2020-05-12,3873,2020-05-12,Florida,12,41915,1778
2020-05-12,3870,2020-05-12,Connecticut,9,34333,3041
2020-05-13,3952,2020-05-13,New York,36,345828,27448
2020-05-13,3950,2020-05-13,New Jersey,34,141560,9702
2020-05-13,3933,2020-05-13,Illinois,17,84874,3815
2020-05-13,3941,2020-05-13,Massachusetts,25,80497,5315
2020-05-13,3923,2020-05-13,California,6,73218,3014
2020-05-13,3959,2020-05-13,Pennsylvania,42,62194,4104
2020-05-13,3942,2020-05-13,Michigan,26,48307,4714
2020-05-13,3965,2020-05-13,Texas,48,43822,1205
2020-05-13,3928,2020-05-13,Florida,12,42394,1826
2020-05-13,3940,2020-05-13,Maryland,24,34927,1809
2020-05-14,4007,2020-05-14,New York,36,348192,27617
2020-05-14,4005,2020-05-14,New Jersey,34,142704,9946
2020-05-14,3988,2020-05-14,Illinois,17,88081,3945
2020-05-14,3996,2020-05-14,Massachusetts,25,82182,5482
2020-05-14,3978,2020-05-14,California,6,74947,3039
2020-05-14,4014,2020-05-14,Pennsylvania,42,63158,4298
2020-05-14,3997,2020-05-14,Michigan,26,49489,4787
2020-05-14,4020,2020-05-14,Texas,48,45169,1256
2020-05-14,3983,2020-05-14,Florida,12,43202,1874
2020-05-14,3995,2020-05-14,Maryland,24,36021,1866
2020-05-15,4062,2020-05-15,New York,36,350951,27755
2020-05-15,4060,2020-05-15,New Jersey,34,143905,10138
2020-05-15,4043,2020-05-15,Illinois,17,90528,4075
2020-05-15,4051,2020-05-15,Massachusetts,25,83421,5592
2020-05-15,4033,2020-05-15,California,6,77015,3192
2020-05-15,4069,2020-05-15,Pennsylvania,42,64178,4432
2020-05-15,4052,2020-05-15,Michigan,26,49982,4825
2020-05-15,4075,2020-05-15,Texas,48,46987,1300
2020-05-15,4038,2020-05-15,Florida,12,44130,1916
2020-05-15,4050,2020-05-15,Maryland,24,37105,1911
2020-05-16,4117,2020-05-16,New York,36,353136,27953
2020-05-16,4115,2020-05-16,New Jersey,34,145089,10249
2020-05-16,4098,2020-05-16,Illinois,17,92669,4149
2020-05-16,4106,2020-05-16,Massachusetts,25,84933,5705
2020-05-16,4088,2020-05-16,California,6,78933,3254
2020-05-16,4124,2020-05-16,Pennsylvania,42,65228,4490
2020-05-16,4107,2020-05-16,Michigan,26,50416,4880
2020-05-16,4130,2020-05-16,Texas,48,47866,1330
2020-05-16,4093,2020-05-16,Florida,12,44803,1963
2020-05-16,4105,2020-05-16,Maryland,24,38083,1957
2020-05-17,4172,2020-05-17,New York,36,355037,28168
2020-05-17,4170,2020-05-17,New Jersey,34,146334,10356
2020-05-17,4153,2020-05-17,Illinois,17,94360,4198
2020-05-17,4161,2020-05-17,Massachusetts,25,86010,5797
2020-05-17,4143,2020-05-17,California,6,80366,3290
2020-05-17,4179,2020-05-17,Pennsylvania,42,65745,4504
2020-05-17,4162,2020-05-17,Michigan,26,51054,4891
2020-05-17,4185,2020-05-17,Texas,48,48828,1356
2020-05-17,4148,2020-05-17,Florida,12,45580,1972
2020-05-17,4160,2020-05-17,Maryland,24,38920,1992
2020-05-18,4227,2020-05-18,New York,36,356278,28302
2020-05-18,4225,2020-05-18,New Jersey,34,148039,10435
2020-05-18,4208,2020-05-18,Illinois,17,96778,4257
2020-05-18,4216,2020-05-18,Massachusetts,25,87052,5862
2020-05-18,4198,2020-05-18,California,6,81943,3322
2020-05-18,4234,2020-05-18,Pennsylvania,42,66676,4560
2020-05-18,4217,2020-05-18,Michigan,26,51853,4915
2020-05-18,4240,2020-05-18,Texas,48,49788,1362
2020-05-18,4203,2020-05-18,Florida,12,46434,1996
2020-05-18,4215,2020-05-18,Maryland,24,39882,2023
2020-05-19,4282,2020-05-19,New York,36,357757,28437
2020-05-19,4280,2020-05-19,New Jersey,34,149013,10586
2020-05-19,4263,2020-05-19,Illinois,17,98298,4399
2020-05-19,4271,2020-05-19,Massachusetts,25,87925,5938
2020-05-19,4253,2020-05-19,California,6,83981,3422
2020-05-19,4289,2020-05-19,Pennsylvania,42,67404,4675
2020-05-19,4272,2020-05-19,Michigan,26,52337,5017
2020-05-19,4295,2020-05-19,Texas,48,51080,1405
2020-05-19,4258,2020-05-19,Florida,12,46936,2051
2020-05-19,4270,2020-05-19,Maryland,24,41664,2081
2020-05-20,4337,2020-05-20,New York,36,359235,28540
2020-05-20,4335,2020-05-20,New Jersey,34,150399,10747
2020-05-20,4318,2020-05-20,Illinois,17,100713,4547
2020-05-20,4326,2020-05-20,Massachusetts,25,88970,6066
2020-05-20,4308,2020-05-20,California,6,86125,3514
2020-05-20,4344,2020-05-20,Pennsylvania,42,68151,4794
2020-05-20,4327,2020-05-20,Michigan,26,52988,5060
2020-05-20,4350,2020-05-20,Texas,48,52369,1443
2020-05-20,4313,2020-05-20,Florida,12,47463,2095
2020-05-20,4325,2020-05-20,Maryland,24,42442,2123
2020-05-21,4392,2020-05-21,New York,36,361313,28663
2020-05-21,4390,2020-05-21,New Jersey,34,151472,10843
2020-05-21,4373,2020-05-21,Illinois,17,102995,4634
2020-05-21,4381,2020-05-21,Massachusetts,25,90084,6148
2020-05-21,4363,2020-05-21,California,6,88488,3624
2020-05-21,4399,2020-05-21,Pennsylvania,42,69252,4887
2020-05-21,4382,2020-05-21,Michigan,26,53468,5129
2020-05-21,4405,2020-05-21,Texas,48,53441,1480
2020-05-21,4368,2020-05-21,Florida,12,48667,2143
2020-05-21,4380,2020-05-21,Maryland,24,43645,2159
2020-05-22,4447,2020-05-22,New York,36,362991,28802
2020-05-22,4445,2020-05-22,New Jersey,34,152719,10985
2020-05-22,4428,2020-05-22,Illinois,17,105710,4740
2020-05-22,4436,2020-05-22,Massachusetts,25,90889,6228
2020-05-22,4418,2020-05-22,California,6,90801,3690
2020-05-22,4454,2020-05-22,Pennsylvania,42,70305,5032
2020-05-22,4460,2020-05-22,Texas,48,54369,1498
2020-05-22,4437,2020-05-22,Michigan,26,53865,5158
2020-05-22,4423,2020-05-22,Florida,12,49443,2189
2020-05-22,4435,2020-05-22,Maryland,24,44539,2207
2020-05-23,4502,2020-05-23,New York,36,364745,28900
2020-05-23,4500,2020-05-23,New Jersey,34,153104,11081
2020-05-23,4483,2020-05-23,Illinois,17,108100,4817
2020-05-23,4473,2020-05-23,California,6,92815,3768
2020-05-23,4491,2020-05-23,Massachusetts,25,91662,6304
2020-05-23,4509,2020-05-23,Pennsylvania,42,71102,5121
2020-05-23,4515,2020-05-23,Texas,48,55451,1522
2020-05-23,4492,2020-05-23,Michigan,26,54304,5223
2020-05-23,4478,2020-05-23,Florida,12,50119,2232
2020-05-23,4490,2020-05-23,Maryland,24,45608,2243
2020-05-24,4557,2020-05-24,New York,36,366346,29046
2020-05-24,4555,2020-05-24,New Jersey,34,154154,11133
2020-05-24,4538,2020-05-24,Illinois,17,110541,4884
2020-05-24,4528,2020-05-24,California,6,94743,3790
2020-05-24,4546,2020-05-24,Massachusetts,25,92675,6372
2020-05-24,4564,2020-05-24,Pennsylvania,42,71656,5145
2020-05-24,4570,2020-05-24,Texas,48,56050,1533
2020-05-24,4547,2020-05-24,Michigan,26,54616,5228
2020-05-24,4533,2020-05-24,Florida,12,50859,2236
2020-05-24,4545,2020-05-24,Maryland,24,46919,2277
2020-05-25,4612,2020-05-25,New York,36,367625,29138
2020-05-25,4610,2020-05-25,New Jersey,34,155092,11144
2020-05-25,4593,2020-05-25,Illinois,17,112248,4912
2020-05-25,4583,2020-05-25,California,6,97017,3808
2020-05-25,4601,2020-05-25,Massachusetts,25,93271,6416
2020-05-25,4619,2020-05-25,Pennsylvania,42,72356,5159
2020-05-25,4625,2020-05-25,Texas,48,56490,1536
2020-05-25,4602,2020-05-25,Michigan,26,54816,5240
2020-05-25,4588,2020-05-25,Florida,12,51738,2251
2020-05-25,4600,2020-05-25,Maryland,24,47754,2302
2020-05-26,4667,2020-05-26,New York,36,368669,29241
2020-05-26,4665,2020-05-26,New Jersey,34,155764,11191
2020-05-26,4648,2020-05-26,Illinois,17,113486,4960
2020-05-26,4638,2020-05-26,California,6,99924,3859
2020-05-26,4656,2020-05-26,Massachusetts,25,93693,6473
2020-05-26,4674,2020-05-26,Pennsylvania,42,72873,5175
2020-05-26,4680,2020-05-26,Texas,48,57573,1552
2020-05-26,4657,2020-05-26,Michigan,26,55040,5266
2020-05-26,4643,2020-05-26,Florida,12,52247,2258
2020-05-26,4655,2020-05-26,Maryland,24,48290,2333
2020-05-27,4722,2020-05-27,New York,36,369801,29339
2020-05-27,4720,2020-05-27,New Jersey,34,156628,11339
2020-05-27,4703,2020-05-27,Illinois,17,114612,5118
2020-05-27,4693,2020-05-27,California,6,101873,3961
2020-05-27,4711,2020-05-27,Massachusetts,25,94220,6547
2020-05-27,4729,2020-05-27,Pennsylvania,42,73646,5290
2020-05-27,4735,2020-05-27,Texas,48,59105,1598
2020-05-27,4712,2020-05-27,Michigan,26,55544,5334
2020-05-27,4698,2020-05-27,Florida,12,52626,2318
2020-05-27,4710,2020-05-27,Maryland,24,49042,2392
2020-05-28,4777,2020-05-28,New York,36,371559,29438
2020-05-28,4775,2020-05-28,New Jersey,34,157815,11401
2020-05-28,4758,2020-05-28,Illinois,17,116128,5225
2020-05-28,4748,2020-05-28,California,6,104071,4042
2020-05-28,4766,2020-05-28,Massachusetts,25,94895,6640
2020-05-28,4784,2020-05-28,Pennsylvania,42,74312,5397
2020-05-28,4790,2020-05-28,Texas,48,60820,1618
2020-05-28,4767,2020-05-28,Michigan,26,55944,5372
2020-05-28,4753,2020-05-28,Florida,12,53277,2363
2020-05-28,4765,2020-05-28,Maryland,24,50334,2428
2020-05-29,4832,2020-05-29,New York,36,373108,29535
2020-05-29,4830,2020-05-29,New Jersey,34,158844,11531
2020-05-29,4813,2020-05-29,Illinois,17,117794,5308
2020-05-29,4803,2020-05-29,California,6,107043,4144
2020-05-29,4821,2020-05-29,Massachusetts,25,95512,6718
2020-05-29,4839,2020-05-29,Pennsylvania,42,75073,5467
2020-05-29,4845,2020-05-29,Texas,48,62073,1645
2020-05-29,4822,2020-05-29,Michigan,26,56589,5406
2020-05-29,4808,2020-05-29,Florida,12,54489,2412
2020-05-29,4820,2020-05-29,Maryland,24,51631,2466
2020-05-30,4887,2020-05-30,New York,36,374471,29612
2020-05-30,4885,2020-05-30,New Jersey,34,159608,11634
2020-05-30,4868,2020-05-30,Illinois,17,119290,5368
2020-05-30,4858,2020-05-30,California,6,110100,4214
2020-05-30,4876,2020-05-30,Massachusetts,25,96301,6768
2020-05-30,4894,2020-05-30,Pennsylvania,42,75789,5537
2020-05-30,4900,2020-05-30,Texas,48,63396,1676
2020-05-30,4877,2020-05-30,Michigan,26,56848,5463
2020-05-30,4863,2020-05-30,Florida,12,55416,2446
2020-05-30,4875,2020-05-30,Maryland,24,52662,2509
2020-05-31,4942,2020-05-31,New York,36,375575,29699
2020-05-31,4940,2020-05-31,New Jersey,34,160445,11698
2020-05-31,4923,2020-05-31,Illinois,17,120588,5426
2020-05-31,4913,2020-05-31,California,6,113114,4242
2020-05-31,4931,2020-05-31,Massachusetts,25,96965,6846
2020-05-31,4949,2020-05-31,Pennsylvania,42,76218,5555
2020-05-31,4955,2020-05-31,Texas,48,64974,1683
2020-05-31,4932,2020-05-31,Michigan,26,57355,5491
2020-05-31,4918,2020-05-31,Florida,12,56155,2450
2020-05-31,4930,2020-05-31,Maryland,24,53456,2532
2020-06-01,4997,2020-06-01,New York,36,376520,29766
2020-06-01,4995,2020-06-01,New Jersey,34,160918,11721
2020-06-01,4978,2020-06-01,Illinois,17,121666,5458
2020-06-01,4968,2020-06-01,California,6,115643,4287
2020-06-01,4986,2020-06-01,Massachusetts,25,100805,7035
2020-06-01,5004,2020-06-01,Pennsylvania,42,76734,5574
2020-06-01,5010,2020-06-01,Texas,48,66081,1695
2020-06-01,4987,2020-06-01,Michigan,26,58435,5525
2020-06-01,4973,2020-06-01,Florida,12,56822,2459
2020-06-01,4985,2020-06-01,Maryland,24,54035,2552
2020-06-02,5052,2020-06-02,New York,36,377881,29847
2020-06-02,5050,2020-06-02,New Jersey,34,161545,11770
2020-06-02,5033,2020-06-02,Illinois,17,123244,5567
2020-06-02,5023,2020-06-02,California,6,118081,4360
2020-06-02,5041,2020-06-02,Massachusetts,25,101163,7085
2020-06-02,5059,2020-06-02,Pennsylvania,42,77315,5670
2020-06-02,5065,2020-06-02,Texas,48,67966,1732
2020-06-02,5042,2020-06-02,Michigan,26,58680,5562
2020-06-02,5028,2020-06-02,Florida,12,57439,2529
2020-06-02,5040,2020-06-02,Maryland,24,54831,2597
2020-06-03,5107,2020-06-03,New York,36,378924,29918
2020-06-03,5105,2020-06-03,New Jersey,34,162068,11880
2020-06-03,5088,2020-06-03,Illinois,17,124279,5665
2020-06-03,5078,2020-06-03,California,6,120407,4422
2020-06-03,5096,2020-06-03,Massachusetts,25,101592,7152
2020-06-03,5114,2020-06-03,Pennsylvania,42,77871,5742
2020-06-03,5120,2020-06-03,Texas,48,69546,1766
2020-06-03,5097,2020-06-03,Michigan,26,58990,5579
2020-06-03,5083,2020-06-03,Florida,12,58756,2565
2020-06-03,5095,2020-06-03,Maryland,24,55617,2641
2020-06-04,5162,2020-06-04,New York,36,379977,30011
2020-06-04,5160,2020-06-04,New Jersey,34,162530,11970
2020-06-04,5143,2020-06-04,Illinois,17,125149,5772
2020-06-04,5133,2020-06-04,California,6,122917,4484
2020-06-04,5151,2020-06-04,Massachusetts,25,102063,7201
2020-06-04,5169,2020-06-04,Pennsylvania,42,78428,5862
2020-06-04,5175,2020-06-04,Texas,48,71330,1793
2020-06-04,5138,2020-06-04,Florida,12,60175,2606
2020-06-04,5152,2020-06-04,Michigan,26,59215,5604
2020-06-04,5150,2020-06-04,Maryland,24,56490,2668
2020-06-05,5217,2020-06-05,New York,36,381019,30066
2020-06-05,5215,2020-06-05,New Jersey,34,163336,12049
2020-06-05,5188,2020-06-05,California,6,126510,4550
2020-06-05,5198,2020-06-05,Illinois,17,126317,5834
2020-06-05,5206,2020-06-05,Massachusetts,25,102557,7235
2020-06-05,5224,2020-06-05,Pennsylvania,42,78908,5952
2020-06-05,5230,2020-06-05,Texas,48,73323,1821
2020-06-05,5207,2020-06-05,Michigan,26,63744,5854
2020-06-05,5193,2020-06-05,Florida,12,61480,2659
2020-06-05,5205,2020-06-05,Maryland,24,57407,2702
2020-06-06,5272,2020-06-06,New York,36,382102,30123
2020-06-06,5270,2020-06-06,New Jersey,34,163893,12106
2020-06-06,5243,2020-06-06,California,6,129147,4626
2020-06-06,5253,2020-06-06,Illinois,17,127251,5898
2020-06-06,5261,2020-06-06,Massachusetts,25,103132,7289
2020-06-06,5279,2020-06-06,Pennsylvania,42,79507,5986
2020-06-06,5285,2020-06-06,Texas,48,75077,1840
2020-06-06,5262,2020-06-06,Michigan,26,64196,5894
2020-06-06,5248,2020-06-06,Florida,12,62750,2687
2020-06-06,5260,2020-06-06,Maryland,24,58099,2740
2020-06-07,5327,2020-06-07,New York,36,382879,30183
2020-06-07,5325,2020-06-07,New Jersey,34,164164,12176
2020-06-07,5298,2020-06-07,California,6,131997,4653
2020-06-07,5308,2020-06-07,Illinois,17,128070,5939
2020-06-07,5316,2020-06-07,Massachusetts,25,103436,7316
2020-06-07,5334,2020-06-07,Pennsylvania,42,80001,5997
2020-06-07,5340,2020-06-07,Texas,48,75948,1846
2020-06-07,5317,2020-06-07,Michigan,26,64615,5898
2020-06-07,5303,2020-06-07,Florida,12,63930,2699
2020-06-07,5315,2020-06-07,Maryland,24,58593,2749
2020-06-08,5382,2020-06-08,New York,36,383591,30239
2020-06-08,5380,2020-06-08,New Jersey,34,164497,12214
2020-06-08,5353,2020-06-08,California,6,134287,4679
2020-06-08,5363,2020-06-08,Illinois,17,129543,6142
2020-06-08,5371,2020-06-08,Massachusetts,25,103626,7353
2020-06-08,5389,2020-06-08,Pennsylvania,42,80432,6007
2020-06-08,5395,2020-06-08,Texas,48,77326,1856
2020-06-08,5372,2020-06-08,Michigan,26,64911,5916
2020-06-08,5358,2020-06-08,Florida,12,64896,2711
2020-06-08,5370,2020-06-08,Maryland,24,59024,2776
2020-06-09,5437,2020-06-09,New York,36,384281,30309
2020-06-09,5435,2020-06-09,New Jersey,34,164796,12303
2020-06-09,5408,2020-06-09,California,6,137245,4775
2020-06-09,5418,2020-06-09,Illinois,17,130321,6237
2020-06-09,5426,2020-06-09,Massachusetts,25,103889,7408
2020-06-09,5444,2020-06-09,Pennsylvania,42,80964,6070
2020-06-09,5450,2020-06-09,Texas,48,79271,1886
2020-06-09,5413,2020-06-09,Florida,12,65992,2764
2020-06-09,5427,2020-06-09,Michigan,26,65190,5946
2020-06-09,5425,2020-06-09,Maryland,24,59543,2811
2020-06-10,5492,2020-06-10,New York,36,384945,30376
2020-06-10,5490,2020-06-10,New Jersey,34,165346,12377
2020-06-10,5463,2020-06-10,California,6,140139,4869
2020-06-10,5473,2020-06-10,Illinois,17,130889,6302
2020-06-10,5481,2020-06-10,Massachusetts,25,104156,7454
2020-06-10,5505,2020-06-10,Texas,48,81771,1916
2020-06-10,5499,2020-06-10,Pennsylvania,42,81410,6143
2020-06-10,5468,2020-06-10,Florida,12,67363,2800
2020-06-10,5482,2020-06-10,Michigan,26,65377,5958
2020-06-10,5480,2020-06-10,Maryland,24,60114,2844
2020-06-11,5547,2020-06-11,New York,36,385669,30431
2020-06-11,5545,2020-06-11,New Jersey,34,165816,12443
2020-06-11,5518,2020-06-11,California,6,143709,4941
2020-06-11,5528,2020-06-11,Illinois,17,131731,6388
2020-06-11,5536,2020-06-11,Massachusetts,25,104667,7492
2020-06-11,5560,2020-06-11,Texas,48,83772,1942
2020-06-11,5554,2020-06-11,Pennsylvania,42,81944,6187
2020-06-11,5523,2020-06-11,Florida,12,69061,2847
2020-06-11,5537,2020-06-11,Michigan,26,65627,5985
2020-06-11,5535,2020-06-11,Maryland,24,60823,2875
2020-06-12,5602,2020-06-12,New York,36,386490,30511
2020-06-12,5600,2020-06-12,New Jersey,34,166164,12489
2020-06-12,5573,2020-06-12,California,6,147285,4986
2020-06-12,5583,2020-06-12,Illinois,17,132489,6469
2020-06-12,5591,2020-06-12,Massachusetts,25,105059,7538
2020-06-12,5615,2020-06-12,Texas,48,86031,1965
2020-06-12,5609,2020-06-12,Pennsylvania,42,82578,6229
2020-06-12,5578,2020-06-12,Florida,12,70963,2876
2020-06-12,5592,2020-06-12,Michigan,26,65881,5994
2020-06-12,5590,2020-06-12,Maryland,24,61262,2900
2020-06-13,5657,2020-06-13,New York,36,387402,30565
2020-06-13,5655,2020-06-13,New Jersey,34,166605,12589
2020-06-13,5628,2020-06-13,California,6,150434,5059
2020-06-13,5638,2020-06-13,Illinois,17,133117,6491
2020-06-13,5646,2020-06-13,Massachusetts,25,105395,7576
2020-06-13,5670,2020-06-13,Texas,48,88120,1989
2020-06-13,5664,2020-06-13,Pennsylvania,42,82988,6264
2020-06-13,5633,2020-06-13,Florida,12,73544,2924
2020-06-13,5647,2020-06-13,Michigan,26,66024,6017
2020-06-13,5645,2020-06-13,Maryland,24,61935,2926
2020-06-14,5712,2020-06-14,New York,36,388096,30605
2020-06-14,5710,2020-06-14,New Jersey,34,166881,12625
2020-06-14,5683,2020-06-14,California,6,152953,5089
2020-06-14,5693,2020-06-14,Illinois,17,133719,6512
2020-06-14,5701,2020-06-14,Massachusetts,25,105603,7624
2020-06-14,5725,2020-06-14,Texas,48,89542,1995
2020-06-14,5719,2020-06-14,Pennsylvania,42,83301,6275
2020-06-14,5688,2020-06-14,Florida,12,75560,2930
2020-06-14,5702,2020-06-14,Michigan,26,66246,6020
2020-06-14,5700,2020-06-14,Maryland,24,62328,2939
2020-06-15,5767,2020-06-15,New York,36,388719,30645
2020-06-15,5765,2020-06-15,New Jersey,34,167103,12676
2020-06-15,5738,2020-06-15,California,6,155662,5120
2020-06-15,5748,2020-06-15,Illinois,17,134247,6543
2020-06-15,5756,2020-06-15,Massachusetts,25,105690,7646
2020-06-15,5780,2020-06-15,Texas,48,91726,2018
2020-06-15,5774,2020-06-15,Pennsylvania,42,83687,6307
2020-06-15,5743,2020-06-15,Florida,12,77318,2937
2020-06-15,5757,2020-06-15,Michigan,26,66302,6025
2020-06-15,5755,2020-06-15,Maryland,24,62653,2947
2020-06-16,5822,2020-06-16,New York,36,389349,30683
2020-06-16,5820,2020-06-16,New Jersey,34,167426,12727
2020-06-16,5793,2020-06-16,California,6,159131,5202
2020-06-16,5803,2020-06-16,Illinois,17,134866,6608
2020-06-16,5811,2020-06-16,Massachusetts,25,105885,7664
2020-06-16,5835,2020-06-16,Texas,48,95973,2057
2020-06-16,5829,2020-06-16,Pennsylvania,42,84077,6337
2020-06-16,5798,2020-06-16,Florida,12,80101,2992
2020-06-16,5812,2020-06-16,Michigan,26,66466,6039
2020-06-16,5810,2020-06-16,Maryland,24,63004,2982
2020-06-17,5877,2020-06-17,New York,36,389910,30722
2020-06-17,5875,2020-06-17,New Jersey,34,167703,12769
2020-06-17,5848,2020-06-17,California,6,163381,5283
2020-06-17,5858,2020-06-17,Illinois,17,135416,6687
2020-06-17,5866,2020-06-17,Massachusetts,25,106151,7733
2020-06-17,5890,2020-06-17,Texas,48,99466,2099
2020-06-17,5884,2020-06-17,Pennsylvania,42,84387,6376
2020-06-17,5853,2020-06-17,Florida,12,82711,3017
2020-06-17,5867,2020-06-17,Michigan,26,66694,6041
2020-06-17,5865,2020-06-17,Maryland,24,63565,2996
